<?xml version="1.0" encoding="UTF-8"?>
<ExtensionManifest
        Version="7.0"
        ExtensionBundleId="com.jumper.cep"
        ExtensionBundleVersion="2024.05.22"
        ExtensionBundleName="Jumper"
        xmlns:xsi="http://www.w3.org/2001/XMLSchema-instance"
>
	<ExtensionList>
		<Extension Id="com.jumper.cep" Version="2024.05.22" />
	</ExtensionList>
	<ExecutionEnvironment>
		<HostList>
			<Host Name="PPRO" Version="[9.0,99.9]" />
		</HostList>
		<LocaleList>
			<Locale Code="All" />
		</LocaleList>
		<RequiredRuntimeList>
			<RequiredRuntime Name="CSXS" Version="11.0" />
		</RequiredRuntimeList>
	</ExecutionEnvironment>

	<DispatchInfoList>
		<Extension Id="com.jumper.cep">
			<DispatchInfo >
				<Resources>
					<MainPath>./index.html</MainPath>
					<ScriptPath>./Jumper.jsx</ScriptPath>
					<CEFCommandLine>
						<Parameter>--disable-features=SameSiteByDefaultCookies,CookiesWithoutSameSiteMustBeSecure,NetworkService</Parameter>
						<Parameter>--disable-site-isolation-trials</Parameter>
						<Parameter>--allow-file-access</Parameter>
						<Parameter>--allow-file-access-from-files</Parameter>
						<Parameter>--enable-nodejs</Parameter>
						<Parameter>--mixed-context</Parameter>
						<Parameter>--allow-insecure-localhost</Parameter>
					</CEFCommandLine>
				</Resources>
				<Lifecycle>
					<AutoVisible>true</AutoVisible>
					<!-- <StartOn> -->
                        <!-- Premiere Pro dispatches this event whenever it gains focus from the OS -->
                        <!-- <Event>com.adobe.csxs.events.ApplicationActivate</Event> -->
                    <!-- </StartOn> -->
				</Lifecycle>
				<UI>
					<Type>Panel</Type>
					<Menu>Jumper</Menu>
					<Geometry>
                        <Size>
                            <Width>600</Width>
                            <Height>650</Height>
                        </Size>
					</Geometry>
				</UI>
			</DispatchInfo>
		</Extension>
	</DispatchInfoList>
</ExtensionManifest>
